CustomerID,Gender,Age,Income,PurchaseAmount,PurchaseDate,ProductCategory,AgeRange,IncomeRange,PurchaseAmountRange
1,1,46,32332,414.85,2019-09-21,1,4,3,4
2,1,53,77870,809.36,2020-09-17,2,5,7,5
3,1,42,71907,405.32,2020-07-02,3,4,7,3
4,2,50,76648,799.76,2019-11-16,3,5,7,5
5,1,65,63533,136.52,2019-09-03,1,6,6,2
6,1,34,22513,921.41,2020-07-29,4,3,2,6
7,1,39,29829,742.54,2019-02-05,4,4,2,5
8,1,34,50330,715.72,2019-04-02,5,3,5,5
9,2,54,58047,897.29,2020-10-28,3,5,5,6
10,1,28,69074,60.23,2020-05-17,5,2,6,2
11,1,25,21850,275.48,2019-02-16,2,2,2,3
12,1,59,94048,513.01,2020-12-24,4,6,9,4
13,1,55,92018,128.97,2020-12-27,2,5,9,2
14,1,26,80298,157.08,2019-06-26,1,2,8,2
15,1,40,95394,751.39,2019-10-05,2,4,9,5
16,1,62,75498,668.35,2020-01-17,3,6,7,5
17,2,61,34841,598.14,2019-11-27,5,6,3,4
18,1,47,63413,200.67,2019-03-09,2,4,6,2
19,2,61,75841,870.13,2019-03-26,1,6,7,6
20,1,41,82755,583.34,2020-11-18,1,4,8,4
21,1,30,48811,511.31,2020-02-27,2,3,4,4
22,1,37,67318,108.37,2019-08-26,4,3,6,2
23,1,18,89836,998.5,2019-10-17,4,1,8,6
24,1,20,33799,850.08,2020-05-05,1,2,3,6
25,1,32,80291,864.96,2019-03-13,4,3,8,6
26,2,64,67948,768.26,2019-09-06,1,6,6,5
27,1,23,60669,522.03,2019-12-05,4,2,6,4
28,2,44,93508,278.44,2019-07-31,5,4,9,3
29,1,20,69091,786.62,2019-01-03,2,2,6,5
30,2,19,62686,872.39,2020-08-31,3,2,6,6
31,1,20,81811,579.22,2019-04-13,2,2,8,4
32,2,35,90333,227.51,2020-11-15,5,3,9,3
33,2,42,80708,562.02,2019-02-17,3,4,8,4
34,1,50,89107,597.83,2020-06-11,3,5,8,4
35,2,20,34909,207.08,2020-06-01,3,2,3,2
36,2,21,26779,591.4,2019-05-29,2,2,2,4
37,1,34,78329,400.09,2019-10-25,1,3,7,3
38,1,38,38456,435.95,2019-09-03,3,3,3,4
39,2,47,65416,405.8,2020-05-31,5,4,6,3
40,2,46,50200,879.34,2019-04-05,4,4,5,6
41,1,39,43233,10.75,2019-06-28,5,4,4,2
42,2,20,30709,516.24,2020-07-14,5,2,3,4
43,2,37,28193,209.41,2019-05-30,2,3,2,2
44,1,29,73510,117.23,2020-12-13,3,3,7,2
45,2,46,53595,585.22,2019-05-03,3,4,5,4
46,2,31,85245,408.95,2019-01-02,1,3,8,3
47,1,47,48384,302.63,2019-03-30,2,4,4,3
48,2,36,39392,214.02,2019-06-16,2,3,3,3
49,1,52,29535,647.26,2020-01-03,3,5,2,5
50,1,49,26631,956.32,2020-04-25,5,5,2,6
51,1,22,20682,27,2020-09-25,2,2,2,2
52,2,59,34036,54.72,2019-04-22,3,6,3,2
53,2,31,97670,689.59,2020-09-18,4,3,9,5
54,2,47,75901,663.94,2020-07-13,4,4,7,5
55,1,24,81598,978.41,2019-06-17,1,2,8,6
56,2,33,39524,639.57,2019-12-14,2,3,3,5
57,2,49,45317,953.61,2020-01-11,4,5,4,6
58,1,62,37687,65.7,2020-02-18,3,6,3,2
59,1,59,45036,933.07,2019-10-18,2,6,4,6
60,1,26,63606,370.12,2019-06-14,1,2,6,3
61,1,26,89380,160.75,2020-11-05,1,2,8,2
62,2,37,74886,165.12,2020-03-29,1,3,7,2
63,2,63,64254,706.57,2020-04-30,2,6,6,5
64,2,28,96222,687.03,2020-07-10,2,2,9,5
65,1,60,71078,751.83,2019-01-04,3,6,7,5
66,2,42,98103,83.04,2019-05-15,1,4,9,2
67,1,48,70277,963.97,2020-02-14,4,4,7,6
68,2,29,98130,395.65,2020-05-21,5,3,9,3
69,2,28,95813,115.7,2019-05-22,2,2,9,2
70,1,60,72602,862.55,2019-05-16,2,6,7,6
71,2,40,99450,397.52,2019-04-14,5,4,9,3
72,1,20,76209,935.87,2019-04-20,4,2,7,6
73,1,26,40369,716.85,2020-10-24,1,2,4,5
74,1,58,46108,720.28,2019-04-23,1,5,4,5
75,1,33,25603,528.43,2020-07-13,4,3,2,4
76,2,44,62336,294.18,2019-11-23,3,4,6,3
77,1,31,79531,761.36,2019-11-07,4,3,7,5
78,1,20,73374,360.61,2020-04-05,5,2,7,3
79,2,37,26230,699.96,2020-03-19,1,3,2,5
80,2,60,87248,571.56,2019-10-06,2,6,8,4
81,2,44,52985,437.32,2020-05-12,3,4,5,4
82,2,65,24606,584.07,2020-08-11,3,6,2,4
83,1,52,94658,234.73,2019-01-27,4,5,9,3
84,1,57,40389,263.72,2019-05-07,2,5,4,3
85,1,23,69837,999.48,2019-01-03,5,2,6,6
86,2,42,27877,287.16,2019-07-25,2,4,2,3
87,1,44,62364,746.54,2019-02-17,1,4,6,5
88,1,38,67108,390.31,2019-08-15,5,3,6,3
89,2,19,95518,987.89,2020-02-12,4,2,9,6
90,1,57,62338,303.07,2020-02-26,4,5,6,3
91,2,47,99579,814.32,2020-12-29,4,4,9,6
92,1,37,28226,878.66,2020-09-21,2,3,2,6
93,1,64,96820,758.6,2019-03-26,3,6,9,5
94,1,54,82074,815.65,2020-01-19,2,5,8,6
95,2,50,42557,287.71,2019-06-23,3,5,4,3
96,1,49,69111,559.26,2020-05-12,4,5,6,4
97,2,49,86202,431.96,2019-10-03,3,5,8,4
98,1,22,84719,631.57,2019-01-27,2,2,8,5
99,1,52,83693,404.07,2020-11-21,3,5,8,3
100,1,39,78832,101.59,2019-12-28,2,4,7,2
101,1,60,27260,345.45,2020-05-30,2,6,2,3
102,1,39,74643,215.62,2020-08-22,3,4,7,3
103,2,27,78401,436.5,2020-07-03,3,2,7,4
104,1,21,76221,876.01,2019-07-25,3,2,7,6
105,1,23,87815,862.91,2020-11-09,2,2,8,6
106,1,43,68585,947.57,2019-02-07,5,4,6,6
107,1,24,65159,532.62,2020-09-14,4,2,6,4
108,2,40,37715,394.52,2019-09-30,2,4,3,3
109,1,41,59256,923.08,2019-05-31,2,4,5,6
110,2,49,28190,146.43,2020-04-07,2,5,2,2
111,1,22,56799,708.21,2019-05-08,1,2,5,5
112,1,53,50551,857.7,2020-11-18,5,5,5,6
113,1,58,91412,729.04,2020-10-08,4,5,9,5
114,2,36,65899,150.12,2020-05-04,2,3,6,2
115,1,59,96829,478.5,2019-10-14,4,6,9,4
116,2,61,83454,729.74,2019-10-16,4,6,8,5
117,1,37,56445,843.81,2019-10-05,5,3,5,6
118,1,20,34448,346.27,2019-09-11,4,2,3,3
119,2,24,66501,570.94,2020-07-07,4,2,6,4
120,1,56,75883,112.25,2020-04-11,5,5,7,2
121,2,62,56280,745.39,2019-05-17,1,6,5,5
122,2,44,89738,736.75,2019-06-27,1,4,8,5
123,1,44,45203,78.12,2020-02-14,5,4,4,2
124,1,32,66580,224.11,2020-03-05,3,3,6,3
125,2,57,94943,213.29,2020-10-09,1,5,9,3
126,1,44,41065,366.53,2019-07-25,2,4,4,3
127,2,62,93899,290.97,2019-09-14,4,6,9,3
128,1,40,86353,997.83,2019-07-02,5,4,8,6
129,2,65,22827,264.72,2019-07-18,4,6,2,3
130,1,64,82399,676.63,2019-05-30,2,6,8,5
131,1,58,35607,918.71,2019-11-29,4,5,3,6
132,2,24,93421,796.42,2019-04-29,4,2,9,5
133,2,42,57879,423.69,2019-09-25,5,4,5,4
134,1,47,99045,783.72,2019-10-30,2,4,9,5
135,2,37,42193,865.05,2020-03-26,5,3,4,6
136,2,20,73682,417.46,2019-10-19,1,2,7,4
137,1,30,66919,142.68,2020-10-18,1,3,6,2
138,1,40,88771,627.51,2020-01-11,2,4,8,5
139,2,36,28529,146.21,2019-10-19,1,3,2,2
140,1,38,27259,159.49,2020-06-03,4,3,2,2
141,1,61,35509,789.53,2019-05-11,2,6,3,5
142,2,44,20050,506.42,2019-06-11,3,4,2,4
143,2,53,30902,273,2020-09-17,2,5,3,3
144,2,26,77076,488.39,2019-02-13,4,2,7,4
145,1,32,58092,15.7,2020-09-05,1,3,5,2
146,1,63,87932,80.28,2019-02-18,1,6,8,2
147,2,20,32352,908.92,2019-03-04,2,2,3,6
148,2,26,34046,739.97,2020-03-04,2,2,3,5
149,2,20,24446,997.14,2019-04-07,5,2,2,6
150,1,59,38698,140.02,2020-09-08,3,6,3,2
151,1,43,90207,181.86,2019-07-22,4,4,9,2
152,2,33,34851,516.75,2020-05-20,5,3,3,4
153,2,48,88576,727.33,2020-07-08,4,4,8,5
154,1,55,62377,189.86,2020-05-09,3,5,6,2
155,1,37,54225,659.02,2019-09-07,1,3,5,5
156,1,54,54301,721.07,2020-10-27,2,5,5,5
157,2,35,59430,655.45,2020-12-27,1,3,5,5
158,2,55,24050,170.42,2020-11-08,2,5,2,2
159,1,39,57437,308.45,2020-12-12,5,4,5,3
160,2,48,98147,210.66,2020-01-21,2,4,9,3
161,1,28.5,78421,95.72,2019-11-16,4,3,7,2
162,1,32,31011,943.36,2019-10-18,5,3,3,6
163,1,18,41512,913.01,2020-03-21,5,1,4,6
164,2,38,72383,954.73,2019-12-26,4,3,7,6
165,2,22,55909,673.6,2019-04-17,5,2,5,5
166,2,51,46758,767.05,2020-11-14,3,5,4,5
167,2,25,92579,881.67,2019-07-02,2,2,9,6
168,2,29,63076,705.78,2020-12-11,5,3,6,5
169,2,30,90873,439.52,2019-04-22,1,3,9,4
170,2,49,85655,255.91,2019-02-01,3,5,8,3
171,2,43,71616,59.78,2019-08-03,3,4,7,2
172,1,65,87732,251.02,2020-08-09,3,6,8,3
173,1,25,50940,785.78,2019-08-27,5,2,5,5
174,1,23,83973,329.55,2020-10-06,3,2,8,3
175,2,63,43867,409.26,2020-06-24,5,6,4,3
176,1,65,47143,517.42,2020-06-21,1,6,4,4
177,2,26,81493,778.11,2020-04-09,2,2,8,5
178,1,47,38332,515.15,2019-02-12,2,4,3,4
179,2,23,93354,22.79,2019-01-10,1,2,9,2
180,2,33,55187,512.97,2019-05-18,3,3,5,4
181,1,41,65338,209.99,2019-05-21,1,4,6,2
182,2,26,26765,359.07,2019-01-20,1,2,2,3
183,2,56,71376,222.51,2020-05-29,2,5,7,3
184,2,30,57836,131.62,2020-01-20,1,3,5,2
185,1,31,62319,906.07,2019-02-04,4,3,6,6
186,1,54,69068,440.4,2020-07-07,4,5,6,4
187,2,21,40643,129.13,2019-07-11,5,2,4,2
188,1,49,44208,691.73,2020-06-21,3,5,4,5
189,2,40,56382,51.93,2020-08-30,3,4,5,2
190,1,18,22420,483.29,2019-06-22,3,1,2,4
191,1,49,51441,428.93,2019-06-12,1,5,5,4
192,1,42,95419,813.62,2020-10-02,5,4,9,6
193,2,54,57984,619.52,2020-01-08,2,5,5,5
194,2,26,80119,102.63,2019-12-11,1,2,8,2
195,1,30,90505,371.53,2020-06-14,4,3,9,3
196,2,64,85900,507.31,2020-02-16,4,6,8,4
197,1,56,84727,694.49,2020-07-13,4,5,8,5
198,2,38,91421,652.4,2019-10-26,1,3,9,5
199,1,63,37745,179.9,2020-05-25,2,6,3,2
200,1,57,63940,724.59,2020-02-25,2,5,6,5
201,1,58,95330,288.58,2019-11-20,4,5,9,3
202,2,22,65454,261.12,2019-08-12,4,2,6,3
203,2,63,87723,732.33,2020-06-02,4,6,8,5
204,1,57,27460,279.86,2019-10-18,1,5,2,3
205,1,28,50098,722.05,2020-02-03,2,2,5,5
206,2,53,33256,481.53,2020-06-12,3,5,3,4
207,1,49,20539,57.4,2020-08-03,3,5,2,2
208,1,62,79034,234.71,2020-07-12,1,6,7,3
209,1,26,53448,517.86,2019-06-23,2,2,5,4
210,1,43,84818,329.29,2019-02-20,1,4,8,3
211,2,24,50774,834.86,2020-04-08,5,2,5,6
212,2,30,44152,642.85,2019-08-06,5,3,4,5
213,2,58,24178,30.91,2020-01-13,4,5,2,2
214,2,23,23702,728.05,2020-05-04,5,2,2,5
215,1,40,61725,403.91,2019-02-23,4,4,6,3
216,2,61,54098,88.13,2020-10-03,3,6,5,2
217,2,57,95018,389.27,2020-10-12,4,5,9,3
218,2,54,22097,41.77,2019-03-31,5,5,2,2
219,2,40,94281,485.18,2020-07-21,3,4,9,4
220,2,34,49561,587.44,2019-09-13,5,3,4,4
221,2,53,32199,182.65,2020-11-02,1,5,3,2
222,1,60,27129,132.4,2020-09-10,3,6,2,2
223,2,52,43843,845.12,2019-09-09,4,5,4,6
224,1,23,55528,268.63,2019-03-15,3,2,5,3
225,2,55,46392,370.2,2020-11-06,5,5,4,3
226,1,48,93097,537.18,2020-07-02,2,4,9,4
227,1,61,97837,482.22,2019-01-24,4,6,9,4
228,2,33,55146,439.41,2019-11-29,5,3,5,4
229,1,28,41867,455.25,2020-09-06,3,2,4,4
230,1,22,20621,951.6,2019-08-10,3,2,2,6
231,2,19,40297,535.57,2019-05-03,1,2,4,4
232,1,54,62237,871.44,2019-12-21,2,5,6,6
233,1,51,74812,224.09,2020-01-03,3,5,7,3
234,2,33,54902,464.27,2019-01-23,5,3,5,4
235,2,64,80498,564.45,2020-03-30,1,6,8,4
236,1,58,60929,296.27,2019-12-13,1,5,6,3
237,1,64,86316,123.53,2020-04-14,3,6,8,2
238,2,24,88759,742.15,2019-03-31,3,2,8,5
239,1,46,31826,478.36,2020-03-19,5,4,3,4
240,1,63,33639,535.62,2019-07-11,3,6,3,4
241,1,42,49851,993,2019-05-14,1,4,4,6
242,1,57,54166,995.97,2020-01-25,3,5,5,6
243,2,18,79043,938,2020-10-02,4,1,7,6
244,1,62,84914,904.98,2020-07-09,4,6,8,6
245,1,53,57897,757.59,2019-03-10,2,5,5,5
246,1,45,33519,66.86,2019-08-23,5,4,3,2
247,2,37,49262,564.48,2019-12-23,2,3,4,4
248,1,24,68655,214.24,2020-07-28,4,2,6,3
249,2,45,24686,411.61,2020-01-27,1,4,2,4
250,1,44,32614,464.3,2019-10-24,5,4,3,4
251,1,38,44894,17.91,2019-08-16,5,3,4,2
252,1,62,84759,749.96,2019-08-13,3,6,8,5
253,1,60,32323,252.38,2019-05-28,1,6,3,3
254,2,36,37905,939.1,2020-04-24,5,3,3,6
255,1,65,55225,994.84,2019-05-31,4,6,5,6
256,2,52,80392,132.97,2020-07-22,3,5,8,2
257,2,32,38615,344.22,2019-07-18,5,3,3,3
258,1,64,91543,423.76,2019-11-21,2,6,9,4
259,2,31,82621,970.85,2020-12-30,2,3,8,6
260,1,22,81210,743.78,2020-03-05,1,2,8,5
261,2,41,52646,552.4,2019-05-04,3,4,5,4
262,2,43,44855,363.3,2019-01-28,1,4,4,3
263,2,22,42331,835.89,2020-09-27,3,2,4,6
264,1,54,69661,403.75,2020-11-11,3,5,6,3
265,1,39,54992,72.86,2020-08-12,4,4,5,2
266,1,56,90377,481.99,2020-11-14,3,5,9,4
267,1,37,89241,461.5,2020-04-08,5,3,8,4
268,2,51,47781,338.19,2020-12-02,4,5,4,3
269,2,32,68707,903.99,2019-12-07,1,3,6,6
270,1,45,74318,40.32,2020-04-29,2,4,7,2
271,2,29,93638,169.15,2020-08-06,5,3,9,2
272,1,26,49495,620.92,2020-07-06,4,2,4,5
273,1,20,56676,930.43,2019-06-02,5,2,5,6
274,1,36,72137,609.1,2019-03-17,2,3,7,4
275,2,21,70161,320.51,2020-07-13,2,2,7,3
276,1,32,69010,776.37,2020-10-12,5,3,6,5
277,2,64,62210,378.07,2020-01-08,3,6,6,3
278,2,47,35350,333.94,2019-09-30,4,4,3,3
279,2,43,82439,760.43,2019-11-09,3,4,8,5
280,1,54,59156,371.69,2020-02-07,4,5,5,3
281,1,35,76559,607.49,2019-05-14,5,3,7,4
282,1,55,40732,939.2,2020-05-22,3,5,4,6
283,2,25,38033,715.96,2019-09-23,3,2,3,5
284,1,62,32191,760.89,2020-10-17,1,6,3,5
285,1,64,25698,876.06,2019-11-25,4,6,2,6
286,1,52,36732,612.89,2019-05-30,5,5,3,5
287,2,46,48924,282.41,2019-04-21,2,4,4,3
288,1,48,69289,388.56,2019-02-09,4,4,6,3
289,1,59,29616,175.14,2019-05-31,1,6,2,2
290,1,47,68255,870.27,2020-09-16,3,4,6,6
291,1,32,83657,758.04,2020-05-30,5,3,8,5
292,2,56,41325,984.53,2019-06-09,4,5,4,6
293,1,36,76128,734.14,2019-09-26,4,3,7,5
294,1,65,93436,628,2020-02-16,1,6,9,5
295,1,19,61501,727.41,2020-08-09,1,2,6,5
296,2,41,88431,801.78,2020-10-12,2,4,8,5
297,2,36,52207,89.4,2020-01-21,3,3,5,2
298,2,34,95626,582.11,2020-05-17,3,3,9,4
299,2,39,81157,79.29,2019-07-07,5,4,8,2
300,1,41,98955,567.39,2020-08-12,5,4,9,4
301,1,45,78313,917.51,2019-02-16,1,4,7,6
302,2,57,41953,573.74,2019-08-02,5,5,4,4
303,2,57,72552,727.64,2019-08-18,3,5,7,5
304,1,34,68415,391.76,2019-10-11,2,3,6,3
305,2,61,30821,368.76,2020-11-07,2,6,3,3
306,1,63,95506,567.84,2019-06-23,1,6,9,4
307,1,23,61837,435.03,2019-11-13,1,2,6,4
308,2,37,27858,114.72,2019-03-29,1,3,2,2
309,2,40,99839,810.98,2019-05-12,3,4,9,6
310,2,38,26229,105.22,2019-06-01,5,3,2,2
311,1,18,93126,817.63,2020-01-18,2,1,9,6
312,1,54,26773,304.45,2020-08-27,3,5,2,3
313,2,64,95822,985.59,2020-09-11,2,6,9,6
314,1,62,93844,821.49,2019-02-01,1,6,9,6
315,1,32,59586,938.6,2020-02-07,3,3,5,6
316,1,39,52757,977.57,2019-05-18,3,4,5,6
317,1,40,22467,636.61,2020-10-31,4,4,2,5
318,1,32,86951,683.71,2020-07-04,1,3,8,5
319,1,39,54491,488,2020-10-08,2,4,5,4
320,1,57,63085,869.8,2020-06-26,1,5,6,6
321,1,65,77165,48.26,2020-02-12,3,6,7,2
322,2,36,92196,574.46,2020-06-14,4,3,9,4
323,2,36,51864,855.46,2020-10-26,5,3,5,6
324,2,37,29197,477.3,2020-10-04,5,3,2,4
325,1,41,86567,220.11,2019-02-02,1,4,8,3
326,1,24,65537,234.17,2019-02-08,3,2,6,3
327,2,57,54517,721.33,2020-05-11,4,5,5,5
328,2,42,87075,642.81,2020-05-11,5,4,8,5
329,1,40,68695,611.26,2019-10-26,5,4,6,5
330,1,49,49641,457.1,2019-05-11,4,5,4,4
331,2,34,20007,610.28,2019-06-02,1,3,2,5
332,1,40,43829,832.82,2019-12-31,1,4,4,6
333,2,52,32911,948.33,2020-09-13,4,5,3,6
334,1,47,60250,253.36,2019-12-04,1,4,6,3
335,1,29,41865,18.82,2019-09-07,1,3,4,2
336,2,32,83212,953.72,2019-09-25,1,3,8,6
337,2,33,20041,810.37,2020-12-02,3,3,2,6
338,1,24,73065,113.14,2019-01-31,1,2,7,2
339,2,40,47905,141.28,2019-10-25,5,4,4,2
340,2,61,90881,775.01,2019-01-20,5,6,9,5
341,1,40,94823,297.52,2020-12-21,4,4,9,3
342,2,33,59166,221.32,2020-11-03,2,3,5,3
343,1,24,59435,799.15,2019-07-24,1,2,5,5
344,1,21,91719,889.25,2020-05-24,3,2,9,6
345,1,35,29056,376.6,2020-04-20,1,3,2,3
346,2,59,50270,795.59,2019-09-15,5,6,5,5
347,2,36,60064,684.21,2019-01-31,1,3,6,5
348,1,45,98436,544.07,2020-11-02,2,4,9,4
349,1,57,20198,322.16,2020-10-27,1,5,2,3
350,1,56,56171,229.96,2020-05-19,4,5,5,3
351,1,18,49481,976.12,2019-08-19,3,1,4,6
352,2,61,91367,246.94,2020-03-23,1,6,9,3
353,1,27,90238,703.7,2020-10-26,3,2,9,5
354,2,51,81526,808.25,2020-11-01,2,5,8,5
355,1,45,27926,732.53,2020-06-30,4,4,2,5
356,2,27,48888,763.18,2019-05-19,3,2,4,5
357,1,29,49343,587.64,2019-09-22,1,3,4,4
358,2,49,52447,453.65,2019-07-26,2,5,5,4
359,2,20,87548,294.35,2020-01-20,1,2,8,3
360,2,38,77246,291.77,2019-02-06,2,3,7,3
361,2,33,22175,412.41,2019-05-12,3,3,2,4
362,1,39,35633,846.81,2020-08-24,1,4,3,6
363,2,56,83274,330.48,2020-02-27,3,5,8,3
364,1,65,77329,871.87,2020-01-10,1,6,7,6
365,1,31,36309,434.63,2020-01-03,4,3,3,4
366,2,26,55046,552.55,2019-10-17,3,2,5,4
367,1,21,45792,217.34,2019-07-23,4,2,4,3
368,1,20,32480,428.65,2019-12-05,5,2,3,4
369,1,38,59787,782.26,2020-01-28,2,3,5,5
370,2,32,95387,720.07,2019-11-23,3,3,9,5
371,2,35,45318,891.12,2019-12-23,5,3,4,6
372,2,58,49814,976.79,2019-11-17,3,5,4,6
373,2,48,82415,825.4,2020-08-18,4,4,8,6
374,1,59,27099,522.82,2020-10-14,2,6,2,4
375,1,18,33610,300.24,2020-02-06,4,1,3,3
376,2,42,56609,181.52,2020-04-25,2,4,5,2
377,2,44,31939,86.01,2020-12-23,1,4,3,2
378,1,62,76430,307.04,2019-11-16,3,6,7,3
379,2,36,76143,870.22,2019-09-09,4,3,7,6
380,1,44,28233,34.1,2019-04-03,2,4,2,2
381,1,45,72968,136.03,2019-06-04,1,4,7,2
382,1,57,41194,789.64,2020-08-07,1,5,4,5
383,1,33,71099,322.69,2020-11-10,4,3,7,3
384,1,56,26859,362.79,2020-07-19,5,5,2,3
385,1,62,21575,302.24,2020-04-15,2,6,2,3
386,2,52,92128,454.83,2019-05-03,5,5,9,4
387,2,50,47564,67.43,2020-04-15,2,5,4,2
388,2,30,66574,407.27,2019-12-17,1,3,6,3
389,1,48,81850,935.27,2020-04-20,3,4,8,6
390,2,23,30656,630.17,2019-01-14,5,2,3,5
391,2,32,83894,752.45,2020-07-13,2,3,8,5
392,2,18,67835,473.22,2020-04-16,4,1,6,4
393,2,20,92371,468.57,2020-11-19,5,2,9,4
394,1,20,99567,552.72,2019-02-08,5,2,9,4
395,2,22,93974,736.96,2019-10-31,5,2,9,5
396,1,21,56263,434.22,2019-08-31,5,2,5,4
397,1,61,70252,397.97,2020-10-13,4,6,7,3
398,1,34,55618,806.06,2020-04-06,5,3,5,5
399,1,34,39315,578.16,2019-02-26,1,3,3,4
400,1,49,42043,476.66,2020-08-29,5,5,4,4
401,2,46,79946,655.52,2020-04-03,5,4,7,5
402,2,27,81310,399.49,2020-10-30,5,2,8,3
403,2,39,85114,133.85,2019-12-27,2,4,8,2
404,2,38,48097,589.12,2020-05-31,4,3,4,4
405,1,27,43338,320.82,2019-08-26,5,2,4,3
406,1,18,89995,771.99,2019-02-28,3,1,8,5
407,2,59,44275,918.34,2019-07-20,4,6,4,6
408,1,29,22814,805.34,2019-12-18,4,3,2,5
409,1,35,42229,595.54,2020-06-26,1,3,4,4
410,2,21,52717,177.21,2020-04-07,1,2,5,2
411,1,27,50369,956.77,2019-02-16,3,2,5,6
412,2,20,97673,118.69,2019-08-03,4,2,9,2
413,1,29,56698,567.52,2019-03-30,3,3,5,4
414,2,64,83663,21.86,2019-08-08,4,6,8,2
415,2,63,81080,27.57,2019-04-03,5,6,8,2
416,2,24,26856,552.89,2020-12-15,4,2,2,4
417,2,27,97458,318.53,2020-09-11,4,2,9,3
418,1,25,45825,571.08,2020-09-06,1,2,4,4
419,2,51,51282,662.18,2019-07-18,1,5,5,5
420,1,39,80409,44.25,2020-10-05,1,4,8,2
421,2,45,52723,918.31,2019-12-03,2,4,5,6
422,2,53,42334,112.71,2020-06-20,4,5,4,2
423,2,20,88959,775.22,2020-09-17,5,2,8,5
424,1,23,26452,573.78,2019-03-11,3,2,2,4
425,1,58,92799,937.63,2019-08-06,2,5,9,6
426,2,31,62124,356.35,2019-03-08,5,3,6,3
427,1,45,67506,413.32,2019-09-22,2,4,6,4
428,1,26,60523,191.27,2020-11-18,4,2,6,2
429,2,26,94443,336.59,2020-02-15,2,2,9,3
430,1,47,94905,378.22,2020-11-05,2,4,9,3
431,1,63,74820,830.24,2019-08-17,2,6,7,6
432,2,63,53355,354.77,2020-02-06,2,6,5,3
433,1,26,48867,183.17,2020-12-01,5,2,4,2
434,1,32,61858,819.18,2020-03-25,1,3,6,6
435,2,58,83061,432.45,2019-02-08,2,5,8,4
436,2,58,74925,633.12,2020-02-05,5,5,7,5
437,2,60,73809,548.67,2019-10-11,2,6,7,4
438,1,49,37799,935.04,2020-05-02,3,5,3,6
439,2,38,29195,515.61,2019-11-19,1,3,2,4
440,2,41,52174,61.85,2019-07-23,1,4,5,2
441,2,23,31673,951.25,2020-04-25,4,2,3,6
442,1,64,71054,310.07,2020-09-02,1,6,7,3
443,1,58,85032,767.56,2019-06-25,4,5,8,5
444,2,34,59668,384.33,2020-08-02,5,3,5,3
445,1,44,89376,879.43,2020-10-11,3,4,8,6
446,2,41,37572,271.6,2020-07-15,3,4,3,3
447,1,62,70935,708.8,2020-06-12,1,6,7,5
448,2,42,83793,398.76,2019-12-19,4,4,8,3
449,1,40,48056,347.99,2019-05-25,2,4,4,3
450,2,37,26856,232.86,2019-04-03,4,3,2,3
451,2,40,44080,234.57,2020-08-08,4,4,4,3
452,1,24,78806,435.95,2019-02-20,5,2,7,4
453,2,20,25728,139.82,2019-07-10,5,2,2,2
454,2,29,97688,940.51,2020-12-20,1,3,9,6
455,2,36,30868,799.63,2019-08-07,5,3,3,5
456,1,19,27723,858.22,2020-05-02,2,2,2,6
457,1,19,68099,442.61,2020-03-05,2,2,6,4
458,2,19,45629,194.52,2020-05-18,1,2,4,2
459,2,39,88527,824.09,2019-10-26,3,4,8,6
460,2,61,51979,919.16,2020-12-06,2,6,5,6
461,1,25,79115,171.68,2020-01-04,4,2,7,2
462,1,36,80076,453.91,2019-08-07,1,3,8,4
463,2,23,79348,443.04,2020-07-07,2,2,7,4
464,2,22,96748,308.62,2019-11-09,2,2,9,3
465,2,27,35305,612.7,2019-05-19,1,2,3,5
466,1,33,30768,377.04,2020-11-25,5,3,3,3
467,1,35,86212,514.9,2019-03-21,3,3,8,4
468,1,52,72847,865.12,2020-11-27,1,5,7,6
469,2,29,41117,479.32,2020-04-09,1,3,4,4
470,2,44,59200,313.03,2019-06-14,2,4,5,3
471,1,52,28169,96.15,2019-10-28,4,5,2,2
472,2,27,51992,623.61,2019-09-11,5,2,5,5
473,1,57,23311,818.62,2019-02-04,5,5,2,6
474,2,19,76899,609.19,2019-08-29,5,2,7,4
475,2,52,50141,11.58,2019-12-27,3,5,5,2
476,1,54,25909,840.17,2019-01-12,5,5,2,6
477,1,32,96550,99.97,2020-09-26,3,3,9,2
478,1,60,27643,248.08,2020-11-24,5,6,2,3
479,2,29,43356,776.98,2020-09-24,2,3,4,5
480,2,64,50331,896.09,2020-01-08,4,6,5,6
481,1,52,27683,583.37,2019-09-11,5,5,2,4
482,2,58,53305,148.14,2019-06-16,1,5,5,2
483,2,23,74013,936.77,2019-03-15,1,2,7,6
484,1,51,51230,66.22,2020-10-22,4,5,5,2
485,2,38,48894,349.41,2019-04-08,4,3,4,3
486,1,59,23539,43.27,2020-12-07,1,6,2,2
487,2,31,83983,535.25,2019-05-22,2,3,8,4
488,2,59,58042,212.79,2020-10-19,4,6,5,3
489,2,52,42052,258.28,2019-02-20,5,5,4,3
490,2,51,70589,169.09,2020-05-24,3,5,7,2
491,2,64,80664,576.63,2019-12-27,1,6,8,4
492,2,55,78981,42.12,2019-03-09,5,5,7,2
493,1,42,38390,987.04,2019-10-12,2,4,3,6
494,1,21,55750,791.09,2020-12-24,5,2,5,5
495,2,58,72948,803.47,2020-05-08,3,5,7,5
496,1,53,23414,140.19,2019-10-15,5,5,2,2
497,1,26,31085,570.33,2019-01-18,2,2,3,4
498,1,63,59677,174.44,2019-05-02,5,6,5,2
499,1,63,36222,763.75,2019-11-11,5,6,3,5
500,2,48,79447,398.39,2020-03-30,3,4,7,3
501,1,37,64352,311.78,2020-12-19,5,3,6,3
502,1,61,63593,417.54,2019-09-26,2,6,6,4
503,2,32,29842,193.03,2019-05-31,1,3,2,2
504,2,64,92657,467.55,2019-02-16,5,6,9,4
505,1,61,86783,304.3,2020-06-12,2,6,8,3
506,2,28,61437,163.55,2020-06-06,2,2,6,2
507,1,58,84016,772.72,2020-07-02,3,5,8,5
508,1,18,33976,252.98,2020-05-09,4,1,3,3
509,2,27,68172,315.2,2020-10-27,3,2,6,3
510,1,44,85226,591.45,2020-03-27,5,4,8,4
511,2,51,28373,449.74,2020-11-07,2,5,2,4
512,1,47,77984,174.38,2019-05-24,4,4,7,2
513,1,57,67372,230.33,2020-08-29,2,5,6,3
514,2,39,72122,66.71,2020-12-10,2,4,7,2
515,1,46,32739,603.11,2019-02-08,5,4,3,4
516,1,58,87307,12.4,2019-06-30,3,5,8,2
517,1,22,97516,407.7,2020-01-05,2,2,9,3
518,1,53,91299,454.6,2019-04-25,5,5,9,4
519,2,60,32844,376.21,2019-09-20,2,6,3,3
520,2,26,44583,996.63,2020-02-05,4,2,4,6
521,2,36,48711,518.92,2019-01-11,2,3,4,4
522,1,50,44196,392.54,2019-08-07,3,5,4,3
523,2,45,37196,733,2020-06-06,5,4,3,5
524,2,39,41795,823.9,2020-03-12,1,4,4,6
525,2,20,64440,881.92,2020-01-19,4,2,6,6
526,2,32,33478,914.78,2020-11-27,2,3,3,6
527,2,63,28046,150.16,2019-08-24,1,6,2,2
528,2,59,77538,587.51,2020-12-22,2,6,7,4
529,2,30,45358,852.81,2020-04-13,1,3,4,6
530,1,56,74992,290.45,2020-12-17,5,5,7,3
531,2,36,55222,139.01,2019-11-11,3,3,5,2
532,2,39,96972,929.31,2019-03-21,1,4,9,6
533,2,30,50348,851.59,2020-09-03,1,3,5,6
534,1,50,30146,82.15,2019-10-30,2,5,3,2
535,1,21,64519,649.14,2019-02-09,2,2,6,5
536,1,32,78930,584.84,2019-09-05,2,3,7,4
537,1,21,54699,589.7,2020-02-26,1,2,5,4
538,2,51,84451,28.26,2019-11-16,1,5,8,2
539,1,30,67899,296.59,2020-02-19,3,3,6,3
540,1,47,71697,818.71,2019-03-20,1,4,7,6
541,2,24,34531,984.06,2020-12-07,3,2,3,6
542,1,62,62369,525.32,2019-10-30,5,6,6,4
543,2,46,42274,448.39,2020-04-24,1,4,4,4
544,2,55,34492,302.53,2019-03-22,4,5,3,3
545,2,30,57783,798.93,2020-09-25,3,3,5,5
546,1,29,56162,577.97,2019-09-03,1,3,5,4
547,2,42,34803,143.29,2020-09-11,1,4,3,2
548,2,60,80220,514.84,2019-06-12,4,6,8,4
549,2,60,88025,143.12,2020-06-20,2,6,8,2
550,2,42,49427,233.74,2020-04-03,5,4,4,3
551,2,42,75548,309,2019-05-21,3,4,7,3
552,2,57,91807,904.43,2019-07-26,2,5,9,6
553,2,50,57478,335.41,2019-07-21,3,5,5,3
554,1,58,71147,90.2,2020-02-28,2,5,7,2
555,2,27,89620,13.32,2020-12-24,4,2,8,2
556,2,27,65275,360.74,2019-06-03,5,2,6,3
557,1,29,50283,164.71,2020-12-23,5,3,5,2
558,2,23,34733,902.79,2019-09-18,1,2,3,6
559,1,49,36582,168.25,2019-05-21,1,5,3,2
560,1,61,63228,625.77,2019-03-23,3,6,6,5
561,2,39,92791,262.31,2020-04-04,5,4,9,3
562,1,64,57228,936.66,2020-07-11,3,6,5,6
563,2,60,62155,181.22,2020-06-29,4,6,6,2
564,1,23,62625,223.11,2019-12-26,1,2,6,3
565,1,44,51800,861.08,2020-07-10,3,4,5,6
566,1,56,37769,207.32,2020-07-06,1,5,3,2
567,2,65,58858,894.99,2019-07-06,2,6,5,6
568,1,61,81826,49.33,2020-09-24,4,6,8,2
569,2,48,70757,677.58,2020-11-08,4,4,7,5
570,1,62,25777,513.49,2020-01-21,5,6,2,4
571,2,41,78385,88.73,2020-10-12,3,4,7,2
572,1,59,75565,414.59,2020-04-09,3,6,7,4
573,1,26,57726,457.5,2019-11-25,3,2,5,4
574,1,28,84878,429.79,2020-03-24,5,2,8,4
575,1,45,53484,102.09,2020-12-06,3,4,5,2
576,1,53,59212,286.32,2019-05-20,2,5,5,3
577,2,50,59348,42.81,2019-12-30,4,5,5,2
578,1,44,43115,545.17,2019-04-25,1,4,4,4
579,1,37,77372,421.21,2020-04-07,5,3,7,4
580,1,51,20524,357.96,2019-03-11,2,5,2,3
581,2,33,68585,954.32,2020-03-09,2,3,6,6
582,1,33,75310,766.05,2019-12-12,1,3,7,5
583,2,48,99839,377.08,2019-07-04,5,4,9,3
584,1,58,80355,973.71,2020-03-29,1,5,8,6
585,2,55,50726,640.98,2019-04-26,2,5,5,5
586,1,58,80357,759.66,2020-09-30,5,5,8,5
587,2,60,49033,748.84,2020-03-11,2,6,4,5
588,2,18,55550,894.34,2020-10-01,3,1,5,6
589,1,28,31174,290.17,2019-02-18,5,2,3,3
590,2,37,94366,825.98,2020-06-08,2,3,9,6
591,2,51,25783,539.67,2020-06-12,2,5,2,4
592,2,33,51891,61.3,2019-12-04,2,3,5,2
593,1,60,22965,417.79,2020-10-06,5,6,2,4
594,1,45,39842,483.58,2019-06-06,4,4,3,4
595,1,60,91388,964.88,2020-07-24,4,6,9,6
596,2,54,33098,895.96,2020-11-20,5,5,3,6
597,2,18,70882,936.12,2019-06-04,5,1,7,6
598,1,48,59684,614.54,2020-03-25,1,4,5,5
599,1,44,93161,161.81,2019-02-10,5,4,9,2
600,1,46,63689,456.2,2020-09-24,2,4,6,4
601,2,36,96007,793.84,2020-01-26,4,3,9,5
602,1,53,41543,778.31,2019-04-05,5,5,4,5
603,1,48,28772,742.57,2019-10-05,2,4,2,5
604,2,42,72758,677.29,2020-08-10,4,4,7,5
605,2,39,41347,937.79,2020-01-26,3,4,4,6
606,1,38,91368,425.39,2020-12-20,4,3,9,4
607,1,52,84033,190.91,2020-05-15,5,5,8,2
608,1,51,27971,26.73,2019-08-25,2,5,2,2
609,1,31,45067,789.84,2020-02-01,2,3,4,5
610,1,38,51251,456.71,2019-02-02,1,3,5,4
611,1,41,63486,946.25,2019-05-08,5,4,6,6
612,2,33,82524,772.87,2020-09-01,5,3,8,5
613,1,27,56565,928.76,2019-06-11,4,2,5,6
614,2,45,90453,619.1,2019-05-31,2,4,9,5
615,2,50,47166,71.7,2019-11-17,2,5,4,2
616,1,57,30381,950.64,2019-01-14,2,5,3,6
617,2,43,97116,442.84,2020-10-09,1,4,9,4
618,2,28,63736,960.65,2020-04-23,4,2,6,6
619,1,35,90154,408.85,2020-11-30,3,3,9,3
620,1,42,55162,277.14,2020-08-10,2,4,5,3
621,2,20,84155,568.36,2019-06-08,3,2,8,4
622,2,28,23850,732.04,2019-02-18,2,2,2,5
623,2,18,63071,647.43,2020-01-09,5,1,6,5
624,2,54,39237,657.3,2019-02-11,2,5,3,5
625,1,34,46599,427.54,2019-12-20,1,3,4,4
626,2,39,60094,570.09,2019-03-07,4,4,6,4
627,1,65,85009,298.29,2019-09-22,4,6,8,3
628,2,18,95555,763.08,2019-06-18,5,1,9,5
629,2,28,46822,953.72,2019-06-11,1,2,4,6
630,1,44,25684,903.7,2020-07-20,2,4,2,6
631,2,43,76687,285.01,2019-05-19,2,4,7,3
632,1,64,45382,211.18,2020-06-02,2,6,4,3
633,2,55,28156,151.39,2019-07-28,1,5,2,2
634,1,49,56678,846.83,2019-12-12,1,5,5,6
635,2,26,64211,537,2020-11-02,1,2,6,4
636,2,48,99985,418.93,2020-07-01,4,4,9,4
637,1,52,85733,310.34,2020-09-02,2,5,8,3
638,1,41,99152,726.85,2019-08-24,1,4,9,5
639,1,53,37639,451.6,2020-06-28,2,5,3,4
640,1,63,27492,834.23,2019-01-02,3,6,2,6
641,1,19,50315,626.59,2020-08-24,1,2,5,5
642,1,52,54673,193.58,2019-12-23,2,5,5,2
643,1,22,79353,418.02,2019-04-19,1,2,7,4
644,1,20,94038,185.17,2019-01-21,2,2,9,2
645,2,62,83967,512.5,2019-09-14,5,6,8,4
646,2,47,84880,938.24,2020-02-04,5,4,8,6
647,1,36,32191,611.8,2020-06-03,3,3,3,5
648,2,60,73903,654.78,2020-04-02,2,6,7,5
649,2,54,23630,52.25,2019-07-17,5,5,2,2
650,2,37,82174,816.38,2019-06-01,3,3,8,6
651,1,53,38212,341.66,2020-09-19,2,5,3,3
652,1,61,80595,750.34,2020-03-30,2,6,8,5
653,2,35,60397,696.73,2020-06-15,4,3,6,5
654,1,40,27423,328.44,2019-01-01,5,4,2,3
655,2,57,86804,840.27,2020-11-24,5,5,8,6
656,1,63,39595,582.32,2019-01-04,1,6,3,4
657,1,21,33096,846.76,2020-01-20,2,2,3,6
658,2,58,90140,808.56,2020-01-31,5,5,9,5
659,2,41,56508,256.62,2019-11-02,5,4,5,3
660,2,27,58837,148.29,2019-08-07,2,2,5,2
661,1,22,26369,883.55,2020-03-22,3,2,2,6
662,2,25,39591,407.29,2020-12-11,2,2,3,3
663,2,29,28344,648.08,2020-12-15,3,3,2,5
664,1,35,25518,611.45,2019-02-26,1,3,2,5
665,2,56,99393,905.49,2019-06-08,4,5,9,6
666,1,55,65824,355.48,2020-03-03,1,5,6,3
667,2,37,39593,934.78,2020-09-22,1,3,3,6
668,2,25,37696,219.32,2019-05-19,2,2,3,3
669,1,55,63204,472.6,2019-03-11,3,5,6,4
670,2,45,69075,15.01,2020-08-08,1,4,6,2
671,1,23,45478,314.64,2020-08-06,5,2,4,3
672,1,42,95772,388.62,2020-10-03,2,4,9,3
673,1,53,79440,171.08,2019-07-26,5,5,7,2
674,1,55,67134,924.65,2019-10-17,1,5,6,6
675,1,27,96323,991.54,2020-02-03,3,2,9,6
676,2,29,26694,376.13,2019-02-04,2,3,2,3
677,1,34,30448,722.44,2019-05-04,5,3,3,5
678,1,37,33472,820.94,2019-10-07,5,3,3,6
679,2,30,82735,459.2,2019-11-14,4,3,8,4
680,2,64,68195,751.43,2020-10-25,2,6,6,5
681,1,35,49263,143.84,2020-09-30,4,3,4,2
682,2,44,57163,71,2020-02-15,3,4,5,2
683,1,32,20922,971.9,2020-02-26,4,3,2,6
684,2,27,25064,309.31,2020-07-13,4,2,2,3
685,1,52,95033,240.67,2020-04-03,5,5,9,3
686,1,51,68424,325.98,2019-09-03,3,5,6,3
687,2,26,93318,33.62,2020-11-24,1,2,9,2
688,1,23,92104,28.11,2020-03-26,5,2,9,2
689,1,24,84428,763.16,2019-12-13,3,2,8,5
690,1,55,22995,65.34,2020-10-08,3,5,2,2
691,1,33,84397,195.28,2020-01-04,2,3,8,2
692,2,56,70106,693.06,2020-04-16,4,5,7,5
693,2,57,37675,517.33,2020-12-25,1,5,3,4
694,2,53,90710,248.99,2019-09-21,3,5,9,3
695,2,23,93014,581.83,2020-03-09,2,2,9,4
696,2,49,67265,379.46,2020-07-28,2,5,6,3
697,1,51,95476,247.52,2019-06-07,3,5,9,3
698,2,55,87433,428.88,2020-09-26,3,5,8,4
699,2,62,43702,890.6,2020-08-26,1,6,4,6
700,2,61,32732,580.18,2020-11-11,2,6,3,4
701,1,61,40326,758.51,2019-01-05,2,6,4,5
702,2,26,22510,507.83,2020-11-02,2,2,2,4
703,2,27,91543,839.21,2020-08-25,2,2,9,6
704,1,59,21704,57.12,2020-12-25,2,6,2,2
705,2,46,81516,228.77,2019-01-24,2,4,8,3
706,1,49,70886,500.89,2019-09-25,3,5,7,4
707,1,51,60873,40.12,2019-02-28,1,5,6,2
708,2,39,61207,48.43,2020-04-02,3,4,6,2
709,2,30,55975,738.71,2020-10-28,5,3,5,5
710,1,38,64830,236.14,2020-07-08,4,3,6,3
711,1,40,61529,200.12,2020-03-11,5,4,6,2
712,1,29,68354,98.37,2020-06-22,1,3,6,2
713,1,32,65717,378.3,2019-11-26,1,3,6,3
714,1,18,99152,207.02,2019-01-09,3,1,9,2
715,2,18,48159,528.89,2019-10-14,3,1,4,4
716,2,54,55368,626.92,2020-07-26,4,5,5,5
717,2,22,29882,845.14,2019-10-19,3,2,2,6
718,1,48,32410,122.4,2019-11-26,1,4,3,2
719,2,62,69508,439.94,2020-05-21,3,6,6,4
720,2,31,94654,804.47,2019-04-25,2,3,9,5
721,2,25,75608,254.75,2020-05-16,4,2,7,3
722,2,26,88224,44.7,2020-03-29,3,2,8,2
723,1,53,53086,323.33,2020-05-24,5,5,5,3
724,2,50,32827,267.33,2020-01-26,1,5,3,3
725,1,53,91689,349.09,2019-12-11,4,5,9,3
726,2,26,73779,934.95,2020-01-23,2,2,7,6
727,2,50,55358,248.22,2020-02-20,2,5,5,3
728,2,52,77193,315.26,2019-02-05,1,5,7,3
729,2,53,34620,335.45,2019-07-13,5,5,3,3
730,1,55,37487,476.46,2020-09-05,3,5,3,4
731,1,46,41186,766.74,2020-02-22,4,4,4,5
732,1,37,84998,716.2,2019-02-13,4,3,8,5
733,2,42,46420,873.8,2019-03-29,3,4,4,6
734,2,57,72839,853.34,2020-11-17,5,5,7,6
735,1,63,72433,33.9,2019-08-07,2,6,7,2
736,2,33,63057,133.15,2019-11-16,5,3,6,2
737,2,51,97358,381.74,2020-08-16,5,5,9,3
738,1,38,63225,364.61,2020-05-12,2,3,6,3
739,2,46,83195,13.43,2020-09-12,2,4,8,2
740,2,48,96743,152.83,2020-12-26,4,4,9,2
741,2,21,72145,758.69,2020-08-31,3,2,7,5
742,1,58,65761,172.77,2020-11-16,2,5,6,2
743,1,46,21837,947.77,2020-09-29,3,4,2,6
744,1,31,33010,873.23,2019-01-10,3,3,3,6
745,1,30,53993,633.11,2019-07-31,3,3,5,5
746,1,56,68727,773.9,2019-02-09,1,5,6,5
747,2,20,38752,734.49,2019-06-07,1,2,3,5
748,2,55,74507,911.39,2020-08-22,1,5,7,6
749,2,25,44492,117.14,2019-01-11,1,2,4,2
750,2,49,89317,315.78,2019-01-06,2,5,8,3
751,1,54,74984,130.21,2019-05-26,2,5,7,2
752,2,63,86133,712.7,2020-05-03,3,6,8,5
753,2,49,54893,822.87,2019-11-10,1,5,5,6
754,2,38,89892,197.21,2019-03-02,3,3,8,2
755,1,49,23916,564,2020-05-03,4,5,2,4
756,2,51,40247,965.61,2020-07-26,1,5,4,6
757,2,64,45682,504.11,2019-11-06,5,6,4,4
758,2,20,46596,393.32,2019-06-04,4,2,4,3
759,1,63,81283,578.81,2019-07-29,2,6,8,4
760,2,35,69813,866.19,2019-08-17,1,3,6,6
761,2,48,56152,709.62,2020-02-03,5,4,5,5
762,1,37,21366,876.73,2020-02-16,5,3,2,6
763,2,64,66791,831.77,2019-08-29,1,6,6,6
764,2,21,68501,326.15,2019-01-26,5,2,6,3
765,1,34,21990,362.01,2019-08-12,3,3,2,3
766,2,32,41999,951.28,2019-11-09,5,3,4,6
767,2,41,63409,819.32,2019-04-27,4,4,6,6
768,1,22,67113,279.74,2019-12-30,1,2,6,3
769,1,44,57862,800.21,2019-04-27,4,4,5,5
770,2,35,45654,757.44,2020-10-27,2,3,4,5
771,1,40,71150,397.89,2019-11-26,1,4,7,3
772,1,28,83576,336.79,2019-12-31,5,2,8,3
773,1,50,58705,843,2019-06-21,4,5,5,6
774,2,44,60348,414.08,2020-09-09,5,4,6,4
775,2,65,57188,398.67,2020-03-06,3,6,5,3
776,2,49,88509,379.49,2020-07-28,4,5,8,3
777,1,20,60421,498.8,2019-03-23,1,2,6,4
778,2,25,37593,41.47,2020-04-07,4,2,3,2
779,2,19,85219,883.8,2019-03-03,5,2,8,6
780,1,18,82658,816.68,2019-05-30,4,1,8,6
781,1,57,86660,951.88,2019-12-09,4,5,8,6
782,2,24,94299,153.97,2020-12-27,2,2,9,2
783,1,29,39610,468.17,2020-07-25,3,3,3,4
784,2,20,45247,44.99,2019-12-22,5,2,4,2
785,1,38,39184,493.87,2020-05-26,1,3,3,4
786,2,45,77147,644.29,2019-09-27,2,4,7,5
787,2,56,43728,245.95,2019-03-15,5,5,4,3
788,1,33,55035,849.48,2020-01-18,4,3,5,6
789,1,58,56654,695.61,2020-12-18,3,5,5,5
790,2,41,84818,653.11,2020-09-19,2,4,8,5
791,2,34,71511,179.49,2020-11-25,4,3,7,2
792,1,59,48523,436.5,2020-08-15,2,6,4,4
793,2,19,69884,895.4,2020-12-07,4,2,6,6
794,2,27,22574,428.26,2020-09-28,5,2,2,4
795,1,19,30156,29.42,2020-08-04,3,2,3,2
796,1,60,58657,256.23,2020-05-31,4,6,5,3
797,2,42,49407,978.38,2019-08-07,2,4,4,6
798,1,38,59991,296.12,2020-03-04,5,3,5,3
799,1,33,65120,347.46,2019-09-27,1,3,6,3
800,1,25,99875,666.54,2019-01-16,1,2,9,5
801,1,44,24999,351.9,2020-04-11,3,4,2,3
802,2,37,47902,715.28,2019-01-03,3,3,4,5
803,1,42,66180,887.7,2020-03-29,1,4,6,6
804,1,50,74956,493.08,2019-08-02,2,5,7,4
805,2,25,28690,142.29,2020-09-25,4,2,2,2
806,2,54,20397,288.97,2019-09-27,5,5,2,3
807,2,51,28959,252.03,2020-07-01,3,5,2,3
808,1,36,26369,726.84,2019-01-16,5,3,2,5
809,2,54,57012,816.73,2020-12-24,2,5,5,6
810,1,34,51804,930.07,2019-12-03,3,3,5,6
811,1,25,58889,196.03,2019-07-18,2,2,5,2
812,2,47,35634,814.58,2020-04-30,4,4,3,6
813,2,63,78065,204.56,2020-09-27,4,6,7,2
814,2,60,58530,815.46,2020-07-17,3,6,5,6
815,2,51,95902,793.41,2019-11-08,2,5,9,5
816,2,29,41336,377.76,2019-01-31,4,3,4,3
817,1,65,30570,802.67,2019-09-23,1,6,3,5
818,2,27,35281,460.59,2019-08-15,5,2,3,4
819,2,61,65126,968.52,2020-11-10,2,6,6,6
820,2,19,78150,538.55,2019-05-15,1,2,7,4
821,1,36,85216,626.4,2019-03-01,3,3,8,5
822,1,65,86888,762.62,2020-05-12,1,6,8,5
823,1,44,44375,92.74,2019-10-22,3,4,4,2
824,1,38,97715,750.84,2019-03-01,2,3,9,5
825,1,46,75526,366.74,2019-01-29,1,4,7,3
826,2,37,51330,121.21,2020-04-24,5,3,5,2
827,1,45,94838,177.14,2020-10-29,5,4,9,2
828,1,19,54748,960.36,2020-08-13,5,2,5,6
829,2,43,89040,338.55,2019-06-07,1,4,8,3
830,1,34,61525,629.23,2019-01-30,3,3,6,5
831,2,47,79305,425.51,2019-11-14,4,4,7,4
832,2,62,99244,91.99,2019-11-14,3,6,9,2
833,2,47,61883,930.07,2019-12-02,2,4,6,6
834,1,55,67321,158.33,2020-11-27,3,5,6,2
835,1,55,82878,723.28,2019-07-17,3,5,8,5
836,1,45,60202,45.44,2020-02-17,3,4,6,2
837,1,37,74063,801.94,2020-07-23,1,3,7,5
838,1,59,42073,715.79,2019-05-04,1,6,4,5
839,2,23,46677,775.29,2019-10-03,4,2,4,5
840,1,23,57987,375.1,2019-07-30,2,2,5,3
841,2,44,94582,974.11,2020-02-26,4,4,9,6
842,1,49,71540,97.9,2019-09-26,2,5,7,2
843,1,61,28843,818.2,2020-12-27,1,6,2,6
844,1,21,40848,80.23,2020-08-24,5,2,4,2
845,1,26,87128,676.67,2019-08-29,1,2,8,5
846,1,26,40078,201.65,2019-03-17,3,2,4,2
847,1,34,95193,449.39,2019-11-06,4,3,9,4
848,2,52,56622,40.51,2020-09-24,3,5,5,2
849,1,47,41409,816.83,2019-07-05,3,4,4,6
850,1,58,28573,164.43,2020-10-06,4,5,2,2
851,2,49,28844,481.36,2020-04-10,1,5,2,4
852,1,49,42760,670.07,2019-09-25,4,5,4,5
853,1,54,84544,819.28,2019-10-16,2,5,8,6
854,1,24,86614,186.57,2020-08-20,4,2,8,2
855,2,38,78681,775.48,2019-02-01,1,3,7,5
856,2,62,40377,54.63,2019-02-17,5,6,4,2
857,1,56,82462,723.4,2019-03-25,1,5,8,5
858,1,38,42885,735.22,2019-11-28,2,3,4,5
859,1,25,93340,569.82,2020-05-05,1,2,9,4
860,2,23,43605,320.9,2020-03-06,3,2,4,3
861,2,58,33123,464.49,2020-01-27,5,5,3,4
862,1,37,37360,848.98,2019-07-23,5,3,3,6
863,1,58,89477,332.56,2019-04-30,4,5,8,3
864,1,20,73885,605.34,2020-01-27,4,2,7,4
865,2,21,23435,698.63,2020-10-07,5,2,2,5
866,1,56,94310,674.17,2019-01-04,3,5,9,5
867,1,34,46152,825.25,2019-08-27,1,3,4,6
868,1,49,51731,629.87,2020-11-12,1,5,5,5
869,2,42,74592,486,2019-11-01,2,4,7,4
870,1,36,96047,486.84,2019-09-01,1,3,9,4
871,2,62,89427,538.26,2019-04-13,3,6,8,4
872,1,42,30903,698.96,2020-07-13,4,4,3,5
873,1,55,33579,319.84,2019-05-11,3,5,3,3
874,2,45,62669,69.81,2020-07-29,2,4,6,2
875,2,50,94048,456.86,2020-08-26,4,5,9,4
876,2,65,28875,70.26,2020-04-04,2,6,2,2
877,2,33,31789,827.77,2019-02-26,2,3,3,6
878,2,56,68209,929.99,2020-04-18,3,5,6,6
879,2,44,78262,883.6,2019-10-15,1,4,7,6
880,2,19,33925,719.92,2019-01-09,3,2,3,5
881,2,52,49075,723.95,2020-05-04,2,5,4,5
882,2,47,73964,104.6,2019-02-05,3,4,7,2
883,2,23,65385,424.17,2019-05-26,3,2,6,4
884,1,18,91688,150.34,2020-03-13,1,1,9,2
885,2,54,35946,864.97,2019-12-17,3,5,3,6
886,1,60,86669,624.52,2019-05-18,3,6,8,5
887,1,65,27505,740.15,2019-09-09,3,6,2,5
888,2,31,75759,801.23,2020-10-15,3,3,7,5
889,2,52,62117,658.8,2019-08-18,1,5,6,5
890,1,18,37591,664.31,2020-09-06,5,1,3,5
891,2,55,39707,392.79,2019-08-28,1,5,3,3
892,1,37,43804,270.41,2019-01-10,4,3,4,3
893,1,53,92721,133.79,2020-12-27,1,5,9,2
894,2,27,54208,186.32,2019-10-20,1,2,5,2
895,1,62,91788,410.39,2020-03-17,4,6,9,4
896,2,50,29487,546.85,2020-09-08,5,5,2,4
897,2,65,62634,942.18,2019-12-06,3,6,6,6
898,1,53,67599,232.59,2020-07-24,1,5,6,3
899,2,21,54497,415.52,2019-02-18,5,2,5,4
900,2,48,83385,454.03,2020-12-04,2,4,8,4
901,2,65,64998,755.65,2020-06-02,1,6,6,5
902,1,60,73427,465.4,2019-04-07,3,6,7,4
903,1,36,27776,641.73,2020-01-15,1,3,2,5
904,2,36,81257,396.47,2019-08-01,5,3,8,3
905,2,23,98110,277.4,2019-09-23,5,2,9,3
906,1,56,75886,668.41,2020-08-07,1,5,7,5
907,2,64,31258,12.92,2019-08-13,4,6,3,2
908,2,30,70139,979.94,2019-06-13,1,3,7,6
909,1,53,96442,322.06,2020-12-22,2,5,9,3
910,1,45,95347,472.64,2020-10-07,1,4,9,4
911,2,18,47983,936.19,2019-06-24,1,1,4,6
912,1,41,84914,853.32,2019-03-21,3,4,8,6
913,1,60,56551,649.98,2020-03-06,5,6,5,5
914,1,47,55722,207.64,2019-01-31,2,4,5,2
915,2,59,72080,99.85,2019-05-27,4,6,7,2
916,1,46,29262,447.81,2019-06-01,1,4,2,4
917,2,37,35163,45.44,2019-07-28,1,3,3,2
918,2,26,70280,391.13,2020-10-27,5,2,7,3
919,2,27,37588,30.01,2020-01-19,5,2,3,2
920,2,51,73455,372.16,2019-11-24,5,5,7,3
921,1,22,58772,926.6,2020-01-05,1,2,5,6
922,1,65,25893,323.14,2019-04-13,3,6,2,3
923,2,38,66875,409.14,2020-02-05,2,3,6,3
924,1,43,21823,563.41,2019-12-14,1,4,2,4
925,2,25,60798,984.85,2020-12-20,3,2,6,6
926,1,23,44511,582.09,2020-04-26,1,2,4,4
927,2,36,87634,120.18,2019-10-12,3,3,8,2
928,2,47,78542,227.82,2020-09-19,1,4,7,3
929,2,41,31510,609.07,2019-09-21,1,4,3,4
930,1,43,45841,624.61,2019-09-27,5,4,4,5
931,1,40,88048,75.17,2020-03-23,3,4,8,2
932,2,22,33809,644.9,2020-07-18,4,2,3,5
933,1,27,57028,556.16,2019-11-01,3,2,5,4
934,1,20,38952,792.55,2020-10-09,2,2,3,5
935,2,65,81475,769.74,2020-08-22,5,6,8,5
936,2,24,29495,989.75,2020-11-12,1,2,2,6
937,2,60,26591,967.84,2020-01-04,1,6,2,6
938,1,55,43475,631.02,2020-01-31,3,5,4,5
939,1,45,71577,376.82,2019-09-19,3,4,7,3
940,2,54,85296,522.17,2020-10-22,5,5,8,4
941,1,45,31600,66.37,2019-07-29,5,4,3,2
942,2,40,35640,694.28,2019-10-23,1,4,3,5
943,1,58,68829,73.69,2019-04-20,5,5,6,2
944,2,63,54846,983.75,2019-12-08,3,6,5,6
945,2,49,70973,19.76,2020-05-27,4,5,7,2
946,2,27,52149,629.64,2020-03-02,3,2,5,5
947,2,20,44697,860.99,2020-11-05,3,2,4,6
948,1,18,84077,69.23,2020-05-17,2,1,8,2
949,1,27,90488,896.46,2020-02-09,5,2,9,6
950,2,57,59846,289.51,2020-05-31,1,5,5,3
951,2,34,32612,622.65,2020-09-15,2,3,3,5
952,1,46,83306,670.15,2020-03-14,4,4,8,5
953,1,42,59471,929.89,2019-11-15,5,4,5,6
954,2,18,78996,325.71,2019-12-04,2,1,7,3
955,1,44,20341,760.56,2019-09-16,1,4,2,5
956,2,62,45804,717.64,2020-04-25,2,6,4,5
957,1,23,49334,331.75,2020-10-03,2,2,4,3
958,1,30,53940,638.91,2019-12-16,1,3,5,5
959,2,22,46993,686.06,2019-08-25,3,2,4,5
960,1,27,71753,134.75,2020-10-21,4,2,7,2
961,1,64,76922,295.12,2020-01-23,3,6,7,3
962,1,24,22661,605.56,2020-07-08,1,2,2,4
963,1,53,68592,948.81,2019-05-06,2,5,6,6
964,1,45,35576,282.8,2020-12-24,4,4,3,3
965,2,54,29100,895.9,2019-03-21,4,5,2,6
966,2,26,67321,107.52,2019-11-30,1,2,6,2
967,1,19,43755,148.19,2019-08-01,2,2,4,2
968,2,40,55538,405.73,2019-06-18,1,4,5,3
969,1,49,94070,312.45,2020-06-22,4,5,9,3
970,2,63,58618,828,2020-06-19,3,6,5,6
971,2,60,84361,227.85,2020-10-08,3,6,8,3
972,1,42,41662,572.43,2020-05-06,4,4,4,4
973,1,29,52805,615.71,2019-01-19,1,3,5,5
974,1,26,31945,96.99,2020-01-11,2,2,3,2
975,2,34,46155,778.92,2019-11-17,1,3,4,5
976,1,40,47146,441.85,2020-10-31,1,4,4,4
977,2,23,49444,424.13,2020-01-06,4,2,4,4
978,1,51,85157,407.61,2019-01-21,2,5,8,3
979,2,33,64776,102.88,2020-04-27,4,3,6,2
980,2,55,96852,441.76,2020-12-26,5,5,9,4
981,2,22,83298,853.13,2020-03-17,2,2,8,6
982,1,20,74407,406.74,2019-10-29,2,2,7,3
983,2,63,60119,24.35,2020-02-28,5,6,6,2
984,1,28,46086,479.2,2019-10-06,2,2,4,4
985,1,56,91310,824.51,2020-05-18,5,5,9,6
986,2,33,73090,644.01,2019-08-31,4,3,7,5
987,1,42,73183,162.05,2020-10-23,3,4,7,2
988,2,45,37792,404.3,2020-09-02,3,4,3,3
989,1,42,66429,555.49,2020-01-11,3,4,6,4
990,2,55,78540,445.15,2019-08-04,1,5,7,4
991,2,38,42001,862.81,2019-04-02,5,3,4,6
992,2,56,65725,266.93,2020-09-19,5,5,6,3
993,1,34,29945,426.4,2019-05-08,2,3,2,4
994,1,22,26195,812.54,2019-03-13,3,2,2,6
995,1,37,43353,920.64,2020-12-24,5,3,4,6
996,2,19,55730,785.7,2020-09-30,4,2,5,5
997,1,52,54471,922,2019-10-07,2,5,5,6
998,1,26,86573,469.28,2020-06-03,3,2,8,4
999,1,34,87490,892.53,2019-02-18,5,3,8,6
1000,2,29,58782,55.3,2019-03-15,1,3,5,2